{"results":[{"id":1,"challenge_id":1,"type":"static","content":"6246279270cffa1d38510f3991ee26c2e2a61cef","data":null},{"id":2,"challenge_id":2,"type":"static","content":"2cb9cab1bf8096d3523c874da89cdcd8d29557e5","data":null},{"id":3,"challenge_id":3,"type":"static","content":"a2ac6bc8886a1687c544045e1511a42fe7d06f64","data":null},{"id":4,"challenge_id":4,"type":"static","content":"e4578904d95cfe1f1519172645d37b3768430395","data":null},{"id":5,"challenge_id":5,"type":"static","content":"d64be91f6fea96b60e986d6350635666867f99ab","data":null},{"id":6,"challenge_id":6,"type":"static","content":"111831a7a01a1cd630a7a4ba61918995a7c8f748","data":null},{"id":7,"challenge_id":7,"type":"static","content":"2aa4d54ba111b45d8b0b2aa5366f4a7fffa2c705","data":null},{"id":8,"challenge_id":8,"type":"static","content":"cab1ad2c71f55c38e8b0bdf2982592119f7c6f08","data":null},{"id":9,"challenge_id":9,"type":"static","content":"eefa1ef0b1b1980f43a405d5489d5bc150ae3e31","data":null},{"id":10,"challenge_id":10,"type":"static","content":"854a997e19fa94a1ca985809c39dc46b70a0b13b","data":null},{"id":11,"challenge_id":11,"type":"static","content":"e40824dcf82338c2150a05d61fdf236a5c5a44e5","data":null},{"id":12,"challenge_id":12,"type":"static","content":"50ba9f3f269ed07e8f9c5c39e254ac01759c9056","data":null},{"id":13,"challenge_id":13,"type":"static","content":"4b9fe092a4280cd999b94b054547160f5d6a962d","data":null},{"id":14,"challenge_id":14,"type":"static","content":"4c0947e9cdb67567c40b74fef666de3e20cd8046","data":null},{"id":15,"challenge_id":15,"type":"static","content":"d4d03490069d7bd1e36d6b13d034770ce4145c03","data":null},{"id":16,"challenge_id":16,"type":"static","content":"26a7d38dd3ff962c7312762068244fd11fab53f7","data":null},{"id":17,"challenge_id":17,"type":"static","content":"ba0fe9e60efd0db0fdb6e7f02372b345d505db12","data":null},{"id":18,"challenge_id":18,"type":"static","content":"4540491b987948ca8e39e179640b4368d0ea2d23","data":null},{"id":19,"challenge_id":19,"type":"static","content":"07272479a3753eac68d546770d7658e9460c0019","data":null},{"id":20,"challenge_id":20,"type":"static","content":"68e726fd7fbbfb13f9494f1b139a44e5146c69d0","data":null},{"id":21,"challenge_id":21,"type":"static","content":"c654eba158b17a738145e01dd836218135b697ee","data":null},{"id":22,"challenge_id":22,"type":"static","content":"cb507188e48152b232c1ebd67aa0420eb36611b7","data":null},{"id":23,"challenge_id":23,"type":"static","content":"7b603bf8fd4b4ba0336e4f34bf006437c7ba3063","data":null},{"id":24,"challenge_id":24,"type":"static","content":"79c92cac89bb6643b9bf68fb07e5446b9dee0bc2","data":null},{"id":25,"challenge_id":25,"type":"static","content":"7f5a0f572f6ba17127279c6a899e82ea8b0dea3d","data":null},{"id":26,"challenge_id":26,"type":"static","content":"15a51d1a9a7ffe26dfd1f4880107ae03a8e65461","data":null},{"id":27,"challenge_id":27,"type":"static","content":"ad20ca9177caa617cae19f5df4326b11dba7fd31","data":null},{"id":28,"challenge_id":28,"type":"static","content":"882c835d350cfc215b7281ddcc17cf333ae0dc91","data":null},{"id":29,"challenge_id":29,"type":"static","content":"04b0e203aa4a9474e7e0f9d373b857bcdcdbec6e","data":null},{"id":30,"challenge_id":30,"type":"static","content":"7d5012d0d3ca68d07251e93621ba0f0922a57e2f","data":null},{"id":31,"challenge_id":31,"type":"static","content":"f5c9249141775174e591db1e64977f63066d4739","data":null},{"id":32,"challenge_id":32,"type":"static","content":"3770797d32f6fa7bddbde8a6e1e4b474fc3f5f4a","data":null},{"id":33,"challenge_id":33,"type":"static","content":"3ccebf737bcf3b6e61fff6e37e8a9f6f1a2eb509","data":null},{"id":34,"challenge_id":34,"type":"static","content":"5b8b534955035bec367e60afa7db42d2387a9f0c","data":null},{"id":35,"challenge_id":35,"type":"static","content":"cb2c4d6f2c98a1e22c5a8b62e65bcfccae992af2","data":null},{"id":36,"challenge_id":36,"type":"static","content":"14291774277b437d770ac8680a88f10dd92112f9","data":null},{"id":37,"challenge_id":37,"type":"static","content":"f44df637578bbcee6e662d6c8b4ca5ec7d9c3c16","data":null},{"id":38,"challenge_id":38,"type":"static","content":"235663ee02cdecae669e822399629fbce4a3131c","data":null},{"id":39,"challenge_id":39,"type":"static","content":"43b919c641b0da10e790640355f5bd95d767e0ae","data":null},{"id":40,"challenge_id":40,"type":"static","content":"56c844715f5dcc4757a3f62461b138bcd3ccab9d","data":null},{"id":41,"challenge_id":41,"type":"static","content":"b6a7fab9f18b83b03483b50b7efe34d36547c8fb","data":null},{"id":42,"challenge_id":42,"type":"static","content":"f18dd672d39f7a3935cc17ac14251143870d8867","data":null},{"id":43,"challenge_id":43,"type":"static","content":"4f50e15c54aa72781e0311c68ecd3211a4302f5b","data":null},{"id":44,"challenge_id":44,"type":"static","content":"09f1eeb06a5b1cc74a3d4b3e2b875fa1bc3ae99b","data":null},{"id":45,"challenge_id":45,"type":"static","content":"187b24479931550fbbe0cec817ee860292a46780","data":null},{"id":46,"challenge_id":46,"type":"static","content":"6d2eee48dd907e6537e818fd55ff27778e5ed2fb","data":null},{"id":47,"challenge_id":47,"type":"static","content":"97b78b818380a533d4ecbcc16740d62b81b44a44","data":null},{"id":48,"challenge_id":48,"type":"static","content":"a09fba1ad04c1f9c308a2cb5e52a4e81262b2921","data":null},{"id":49,"challenge_id":49,"type":"static","content":"f684251b4b1c2c9a15a5be32b9cd5c7c0e388345","data":null},{"id":50,"challenge_id":50,"type":"static","content":"1c463fd04c00e9926256d957f3aa473017c253c6","data":null},{"id":51,"challenge_id":51,"type":"static","content":"b7eb702766e3bf1412223251e8e8424fbea862e1","data":null},{"id":52,"challenge_id":52,"type":"static","content":"cb6bc8501f750b120e677bef252c68f4866a0e1e","data":null},{"id":53,"challenge_id":53,"type":"static","content":"2a63f92991041eb48ad56dd7002e1ee836156309","data":null},{"id":54,"challenge_id":54,"type":"static","content":"94eb71df13fa4b3838db027a0df5759165c8b745","data":null},{"id":55,"challenge_id":55,"type":"static","content":"40002146ae80e8db640dc86268ec15e994a60ab3","data":null},{"id":56,"challenge_id":56,"type":"static","content":"582e6216cefbd45ca57182b4d94d1e243c065219","data":null},{"id":57,"challenge_id":57,"type":"static","content":"4a1acdf42c9f5cbcb1b31bb97ad14927d63c9830","data":null},{"id":58,"challenge_id":58,"type":"static","content":"1291a791a20236636a16e2698c0a57eff7ee7adc","data":null},{"id":59,"challenge_id":59,"type":"static","content":"5d50520630d39bb94b716f021d4f6c6c1d010cb6","data":null},{"id":60,"challenge_id":60,"type":"static","content":"585e0a3cdf69571736524b6e5564b5a75660300c","data":null},{"id":61,"challenge_id":61,"type":"static","content":"51f0c919ad75089a4eb1609d7701a355e2ea785c","data":null},{"id":62,"challenge_id":62,"type":"static","content":"0338aaff4d43ad389c653d6199e21c92637d8659","data":null},{"id":63,"challenge_id":63,"type":"static","content":"7b52275f0752b48c7ecb4cd254359663e36b9f68","data":null},{"id":64,"challenge_id":64,"type":"static","content":"b169674703dba3f9e0a76ab9742fed70d236b283","data":null},{"id":65,"challenge_id":65,"type":"static","content":"607203a27825ddfd19205d25c7d31dcc1f377f46","data":null},{"id":66,"challenge_id":66,"type":"static","content":"7908fd29e76493a6f5f21d6e83b0b2ebeaf81e58","data":null},{"id":67,"challenge_id":67,"type":"static","content":"3167e81868e9d4b6e7777bd5beb61d8ba1026a74","data":null},{"id":68,"challenge_id":68,"type":"static","content":"16f18415e9f08b17233599e8e08c786e4dcc9a10","data":null},{"id":69,"challenge_id":69,"type":"static","content":"804ba6b98b739652d65e6d182c85f04ae43c29d3","data":null},{"id":70,"challenge_id":70,"type":"static","content":"8d55f7f0257d9f1e27a82fdc80b313c8a9427f00","data":null},{"id":71,"challenge_id":71,"type":"static","content":"db18ec7d85406aa6c2f8c8d685507693bdd76ac6","data":null},{"id":72,"challenge_id":72,"type":"static","content":"6df11ed5b9295b991958439c5598c30a820c8ba8","data":null},{"id":73,"challenge_id":73,"type":"static","content":"d1161612eaceb38b60757f8e075b233ebe9a83f2","data":null},{"id":74,"challenge_id":74,"type":"static","content":"fb3169d941bd2fe2ccc1d49edaea110a7f27cc10","data":null},{"id":75,"challenge_id":75,"type":"static","content":"b32dcb741100cc31420d6182f38d2e33f3ac1af7","data":null},{"id":76,"challenge_id":76,"type":"static","content":"c3cef3271ed97f63fb2001b7c5f984a13b5f7dce","data":null},{"id":77,"challenge_id":77,"type":"static","content":"fe07aa846932c0491a88342ad0cbb953c0b34d1a","data":null},{"id":78,"challenge_id":78,"type":"static","content":"7633c6ff1c1d570c86d90d31c76e2e66a458db95","data":null},{"id":79,"challenge_id":79,"type":"static","content":"05fba1687d67dea0be32c37e7836621282aa3c4b","data":null},{"id":80,"challenge_id":80,"type":"static","content":"3e81fb78b617246ca7275ec71014d7626c928a2d","data":null},{"id":81,"challenge_id":81,"type":"static","content":"3ac2625074a2ba25efe41fa74491f96b0f5428e9","data":null},{"id":82,"challenge_id":82,"type":"static","content":"caf00e67e2d7be276cbcdb96ac3ff5eafca4d4f8","data":null},{"id":83,"challenge_id":83,"type":"static","content":"16749beceb7dda81ae1825d512525909dd4aa5c6","data":null},{"id":84,"challenge_id":84,"type":"static","content":"9d0869e21b9e03f2e177930de33e46cf749468ee","data":null},{"id":85,"challenge_id":85,"type":"static","content":"cbfa27b94e63658da69040cea897f8e5c49b9ae1","data":null},{"id":86,"challenge_id":86,"type":"static","content":"98c86726bddc9a78cd26a550a8bf4caac7753710","data":null},{"id":87,"challenge_id":87,"type":"static","content":"6e29a7914a6bc7738d1eaf0494774f3f015c0b36","data":null},{"id":88,"challenge_id":88,"type":"static","content":"8ea50bea721508374e24a962873f26e0df87f1c8","data":null},{"id":89,"challenge_id":89,"type":"static","content":"183fe00f01e37b305e3d2babb768c541157450b7","data":null},{"id":90,"challenge_id":90,"type":"static","content":"e9536ada86522e6c6fda544cbc4110b0484cc798","data":null},{"id":91,"challenge_id":91,"type":"static","content":"74b3059e6fb0c566bdc5547a76107375248b1f06","data":null},{"id":92,"challenge_id":92,"type":"static","content":"611f5f00ec968b0cb8702eaace4c207ad05b09c7","data":null},{"id":93,"challenge_id":93,"type":"static","content":"ac539dff1f7bf50fe622c1ba7e45fe232cc5c9cc","data":null},{"id":94,"challenge_id":94,"type":"static","content":"7e90be698f8424ff222b64e73695393dd5edbc75","data":null},{"id":95,"challenge_id":95,"type":"static","content":"1f61c4ae89fc627c9b0ffd8689d8e28c0de95664","data":null},{"id":96,"challenge_id":96,"type":"static","content":"a952fcfc791cc7168065e856d6f9dbde274909c4","data":null},{"id":97,"challenge_id":97,"type":"static","content":"ce7205b4f72d904a9b556a9a7789f282d82f48d5","data":null},{"id":98,"challenge_id":98,"type":"static","content":"e0410295f374e3bcaf989fcb51b77279442cae44","data":null},{"id":99,"challenge_id":99,"type":"static","content":"2547fc0ba4714fff1b37cdfbf52e960d287d9efe","data":null},{"id":100,"challenge_id":100,"type":"static","content":"2d5f9e66dde60fafa0f9667733cb72264ee4c1e0","data":null}]}